{
  "awards": {
    "heading": "Awards",
    "items": [
      {
        "awarder": "Google",
        "date": "2019-04-01",
        "id": "6f857f2b-6312-4a0d-907d-2e17991954eb",
        "summary": "",
        "title": "International Flutter Hackathon"
      },
      {
        "awarder": "Venturesity",
        "date": "2016-06-01",
        "id": "f6efa3f9-9741-4e36-a538-ba0d9779bc61",
        "summary": "",
        "title": "Venturesity Banyan Hack"
      },
      {
        "awarder": "Govt. of India",
        "date": "2017-04-01",
        "id": "89c0171a-eae9-403e-9f4c-a757fb535c2b",
        "summary": "",
        "title": "Smart India Hackathon"
      }
    ],
    "visible": true
  },
  "certifications": {
    "heading": "Certifications",
    "items": [
      {
        "date": "2018-02-01",
        "id": "d2ec12bc-7876-46bc-afd4-11ae06faf3bd",
        "issuer": "Cisco Systems",
        "summary": "",
        "title": "CCNP"
      },
      {
        "date": "2019-06-01",
        "id": "f8312288-53ae-4504-a768-4b67aea95926",
        "issuer": "VMWare",
        "summary": "",
        "title": "VCP6-DCV"
      },
      {
        "date": "2014-04-01",
        "id": "11107df6-5f3c-49ae-bcd4-62b8baa181a1",
        "issuer": "Cisco Systems",
        "summary": "",
        "title": "DCUCI 642-999"
      }
    ],
    "visible": true
  },
  "education": {
    "heading": "Education",
    "items": [
      {
        "degree": "Masters",
        "endDate": "2002-08-01",
        "field": "Computer Science",
        "gpa": "7.2 CGPA",
        "id": "c42e2a5a-3f0d-497e-838b-ac2019dcf045",
        "institution": "The City College of New York, NYC, NY",
        "startDate": "2001-09-01",
        "summary": ""
      },
      {
        "degree": "Bachelors",
        "endDate": "2001-08-01",
        "field": "Computer Science",
        "gpa": "8.4 CGPA",
        "id": "278490a2-c327-4e83-8be8-adf913a9b36c",
        "institution": "University of California, Berkeley, CA",
        "startDate": "1997-09-01",
        "summary": ""
      }
    ],
    "visible": true
  },
  "hobbies": {
    "heading": "Hobbies",
    "items": [
      {
        "id": "788dcf5a-78ca-4866-8397-c7a29073d9a1",
        "name": "Poetry"
      },
      {
        "id": "e3523371-f50c-4348-8c5e-35fe84c0006d",
        "name": "Travelling"
      },
      {
        "id": "92c35e3b-6cd7-4cea-b505-61347ec61b68",
        "name": "Photography"
      },
      {
        "id": "d36f2089-93a9-4f30-a425-3dd81c6b89df",
        "name": "Playing Badminton"
      },
      {
        "id": "d1da41a9-ae83-48fb-8047-d45ebd869a69",
        "name": "Developing Reactive Resume"
      }
    ],
    "visible": true
  },
  "languages": {
    "heading": "Languages",
    "items": [
      {
        "fluency": "Very Fluent",
        "id": "78d8cf32-84c7-431d-969b-fdf277968026",
        "name": "English"
      },
      {
        "fluency": "Native Tongue",
        "id": "9e0bd5ed-b88d-4046-8fb9-ecba54d29924",
        "name": "Tamil"
      },
      {
        "fluency": "Native Tongue",
        "id": "cb895aa9-c485-4bf3-a9e3-08e8f219451a",
        "name": "Kannada"
      },
      {
        "fluency": "Learning on Duolingo",
        "id": "8fff60fc-0cd6-47e2-b64f-fb249d1af0d1",
        "name": "German"
      }
    ],
    "visible": true
  },
  "metadata": {
    "colors": {
      "background": "#FFFFFF",
      "primary": "#009688",
      "text": "#212121"
    },
    "font": "Open Sans",
    "language": "en",
    "layout": {
      "castform": [
        ["awards", "certifications", "languages", "hobbies"],
        ["objective", "work", "education", "skills", "projects", "references"]
      ],
      "celebi": [
        ["awards", "certifications", "languages", "hobbies"],
        ["objective", "work", "education", "skills", "projects", "references"]
      ],
      "gengar": [
        ["objective", "skills"],
        ["awards", "certifications", "languages", "references", "hobbies"],
        ["work", "education", "projects"]
      ],
      "glalie": [
        ["awards", "certifications", "hobbies"],
        [
          "objective",
          "work",
          "education",
          "skills",
          "projects",
          "languages",
          "references"
        ]
      ],
      "onyx": [
        ["objective", "work", "education", "projects"],
        ["hobbies", "languages", "awards", "certifications"],
        ["skills", "references"]
      ],
      "pikachu": [
        ["skills", "languages", "hobbies", "awards", "certifications"],
        ["work", "education", "projects", "references"]
      ]
    },
    "template": "castform"
  },
  "objective": {
    "body": "To obtain a job within my chosen field that will challenge me and allow me to use my education, skills and past experiences in a way that is mutually beneficial to both myself and my employer and allow for future growth and advancement.",
    "heading": "Objective",
    "visible": true
  },
  "preview": "https://images.unsplash.com/photo-1594483672645-895b77326094?crop=entropy&cs=tinysrgb&fit=crop&fm=jpg&h=600&ixid=eyJhcHBfaWQiOjF9&ixlib=rb-1.2.1&q=80&w=400",
  "profile": {
    "address": {
      "city": "Bangalore, India -",
      "line1": "#5/A, Banashankari Nivas,",
      "line2": "Brindavan Layout, Subramanyapura,",
      "pincode": "560061"
    },
    "birthDate": "",
    "email": "hello@amruthpillai.com",
    "firstName": "Amruth",
    "heading": "Profile",
    "lastName": "Pillai",
    "phone": "+91 98453 36113",
    "photograph": "https://i.imgur.com/2dmLSCT.jpg",
    "subtitle": "Full Stack Web Developer",
    "website": "amruthpillai.com"
  },
  "projects": {
    "heading": "Projects",
    "items": [
      {
        "date": "2020-07-01",
        "id": "c768dcca-90f5-4242-a608-6759b4f667fb",
        "link": "https://github.com/AmruthPillai/Reactive-Resume",
        "summary": "Reactive Resume, a free and open-source resume builder that works for you. A few of the important features that make it awesome are minimalistic UI/UX, extensive customizability, portability, regularly updated templates, etc.\n\nFor more information, check out [rxresu.me](https://github.com/AmruthPillai/Reactive-Resume)",
        "title": "Reactive Resume"
      },
      {
        "date": "2020-04-01",
        "id": "6ca600b1-c21f-4d7b-8431-f7144d537dd3",
        "link": "https://amruthpillai.com",
        "summary": "Resume on the Web has been a project that I've been focused on since the early 2014s. I didn't want my information to be displayed on just a sheet of paper that only HRs or Talent Scouts had the privilege of reading, I wanted it to be accessible to everyone. And that's how this project was conceptualized.",
        "title": "Resume on the Web"
      }
    ],
    "visible": true
  },
  "public": true,
  "references": {
    "heading": "References",
    "items": [
      {
        "email": "willywonka@goldenticket.com",
        "id": "168339fd-3c4b-4f2f-bd3a-ef184be81700",
        "name": "Willy Wonka",
        "phone": "+1 (802) 234-2398",
        "position": "CEO at Chocolate Factory",
        "summary": ""
      },
      {
        "email": "elanmusk@nottesla.com",
        "id": "350465b9-9989-43cc-b97e-4115b8980304",
        "name": "Elangovan Musk",
        "phone": "+91 93893 34353",
        "position": "CEO at Newton Motors",
        "summary": ""
      },
      {
        "email": "l.beasley@carsonlogistics.com",
        "id": "94e3447b-0a78-4fb7-b14d-591982d35320",
        "name": "Lorraine Beasley",
        "phone": "+1 661-808-4188",
        "position": "Head of HR, Carson Logistics",
        "summary": ""
      }
    ],
    "visible": true
  },
  "skills": {
    "heading": "Skills",
    "items": [
      {
        "id": "54e5bceb-d0e9-4f04-98d1-48a34f7cf920",
        "level": "Advanced",
        "name": "Customer Service Expertise"
      },
      {
        "id": "f0274f62-2252-4cc0-bf12-9e1070942c50",
        "level": "Intermediate",
        "name": "High-Volume Call Center"
      },
      {
        "id": "689e2852-df1b-4d41-bda8-c41c88196264",
        "level": "Intermediate",
        "name": "Team Leader/Problem Solver"
      },
      {
        "id": "3a4f73b1-50c1-4a85-a4b0-2a55dfe5053a",
        "level": "Novice",
        "name": "Call Center Management"
      },
      {
        "id": "08d6c739-1465-41f7-8825-b8d94faa38d6",
        "level": "Novice",
        "name": "Teambuilding & Training"
      },
      {
        "id": "261b8fc3-aeec-4347-88a8-bcacb1a17aa3",
        "level": "Fundamental Awareness",
        "name": "Continuous Improvement"
      }
    ],
    "visible": true
  },
  "social": {
    "heading": "Social Network",
    "items": [
      {
        "id": "a832b37d-f11d-4a80-8b4d-24796e571b17",
        "network": "Instagram",
        "url": "https://pillai.xyz/instagram",
        "username": "AmruthPillai"
      },
      {
        "id": "a72107fa-a4a5-407d-9e85-39bdb9c0b11a",
        "network": "Twitter",
        "url": "https://pillai.xyz/twitter",
        "username": "KingOKings"
      },
      {
        "id": "1dd46fdd-b3a3-4786-89ce-2e77c0823aba",
        "network": "LinkedIn",
        "url": "https://pillai.xyz/linkedin",
        "username": "AmruthPillai"
      }
    ],
    "visible": true
  },
  "work": {
    "heading": "Work Experience",
    "items": [
      {
        "company": "On Point Electronics, NYC, NY",
        "endDate": "2018-07-01",
        "id": "d7c64937-0cb9-41b1-a3a6-0679c882fe63",
        "position": "Customer Service Representative",
        "startDate": "2013-01-01",
        "summary": "- Organized customer information and account data for business planning and customer service purposes.\n- Created excel spreadsheets to track customer data and perform intense reconciliation process.\n- Received 97% positive customer survey results.\n- Speed on calls was 10% above team average.  \n**Key Achievement:** Designed and executed an automatized system for following up with customers, increasing customer retention by 22%.",
        "website": "https://onpoint.com"
      },
      {
        "company": "Excelsior Communications, NYC, NY",
        "endDate": "2012-12-01",
        "id": "f5c5dcfe-2a60-4169-a2f1-b305355518ea",
        "position": "Customer Service Representative",
        "startDate": "2009-10-01",
        "summary": "- Worked as a full time customer service rep in a high volume call center.\n- Received \"Associate of the Month\" award six times.\n- Chosen as an example for other associates in trainings.  \n**Key Achievement:** Received Customer Appreciation bonus in three of four years.",
        "website": "https://excelsior.com"
      },
      {
        "company": "Pizza Hut, Newark, NJ",
        "endDate": "2009-09-01",
        "id": "dd935088-6fe7-4a4b-8ff5-7417c32d2add",
        "position": "Waiter",
        "startDate": "2005-08-01",
        "summary": "- Worked passionately in customer service in a high volume restaurant.\n- Completed the FAST customer service training class.\n- Maintained a high tip average thanks to consistent customer satisfaction.",
        "website": "https://pizzahut.com"
      }
    ],
    "visible": true
  }
}
